TraceID,Source,Target
9991c1c286835490,ts-travel-service,ts-ticketinfo-service
9991c1c286835490,ts-ticketinfo-service,ts-basic-service
9991c1c286835490,ts-basic-service,ts-station-service
9991c1c286835490,ts-travel-service,ts-ticketinfo-service
9991c1c286835490,ts-ticketinfo-service,ts-basic-service
9991c1c286835490,ts-basic-service,ts-station-service
9991c1c286835490,ts-travel-service,ts-route-service
9991c1c286835490,ts-travel-service,ts-route-service
9991c1c286835490,ts-travel-service,ts-route-service
9991c1c286835490,ts-travel-service,ts-route-service
9991c1c286835490,ts-travel-service,ts-route-service
